time_s,water_area_m2
0.05000000,1.376928219027e+00
0.10000000,1.376928251503e+00
0.15000000,1.376928275845e+00
0.20000000,1.376928284641e+00
0.25000000,1.376928271870e+00
0.30000000,1.376928217283e+00
0.35000000,1.376928131064e+00
0.40000000,1.376928029235e+00
0.45000000,1.376927895694e+00
0.50000000,1.376927775158e+00
0.55000000,1.376927699608e+00
0.60000000,1.376927685349e+00
0.65000000,1.376927749301e+00
0.70000000,1.376927878636e+00
0.75000000,1.376928051642e+00
0.80000000,1.376928247735e+00
0.85000000,1.376928442963e+00
0.90000000,1.376928616021e+00
0.95000000,1.376928756684e+00
1.00000000,1.376928859609e+00
1.05000000,1.376928927936e+00
1.10000000,1.376928963603e+00
1.15000000,1.376928966996e+00
1.20000000,1.376928921951e+00
1.25000000,1.376928841637e+00
1.30000000,1.376928749321e+00
1.35000000,1.376928630627e+00
1.40000000,1.376928535028e+00
1.45000000,1.376928493916e+00
1.50000000,1.376928522565e+00
1.55000000,1.376928631430e+00
1.60000000,1.376928814348e+00
1.65000000,1.376929053924e+00
1.70000000,1.376929328521e+00
1.75000000,1.376929613951e+00
1.80000000,1.376929893654e+00
1.85000000,1.376930163465e+00
1.90000000,1.376930418614e+00
1.95000000,1.376930659152e+00
2.00000000,1.376930886085e+00
2.05000000,1.376931084695e+00
2.10000000,1.376931250571e+00
2.15000000,1.376931392395e+00
2.20000000,1.376931493620e+00
2.25000000,1.376931555927e+00
2.30000000,1.376931589313e+00
2.35000000,1.376931586631e+00
2.40000000,1.376931518413e+00
2.45000000,1.376931334377e+00
2.50000000,1.376930977585e+00
2.55000000,1.376930383273e+00
2.60000000,1.376929480939e+00
2.65000000,1.376928215037e+00
2.70000000,1.376926569851e+00
2.75000000,1.376924549549e+00
2.80000000,1.376922186309e+00
2.85000000,1.376919552827e+00
2.90000000,1.376916735556e+00
2.95000000,1.376913873529e+00
3.00000000,1.376911127026e+00
3.05000000,1.376908632668e+00
3.10000000,1.376906585840e+00
3.15000000,1.376905137521e+00
3.20000000,1.376904379831e+00
3.25000000,1.376904351363e+00
3.30000000,1.376905075360e+00
3.35000000,1.376906454557e+00
3.40000000,1.376908265870e+00
3.45000000,1.376910272031e+00
3.50000000,1.376912243900e+00
3.55000000,1.376913929139e+00
3.60000000,1.376915075503e+00
3.65000000,1.376915515917e+00
3.70000000,1.376915179705e+00
3.75000000,1.376914016652e+00
3.80000000,1.376912151970e+00
3.85000000,1.376909764945e+00
3.90000000,1.376907101155e+00
3.95000000,1.376904445900e+00
4.00000000,1.376901980029e+00
4.05000000,1.376899914752e+00
4.10000000,1.376898351842e+00
4.15000000,1.376897288478e+00
4.20000000,1.376896653827e+00
4.25000000,1.376896344862e+00
4.30000000,1.376896262905e+00
4.35000000,1.376896320437e+00
4.40000000,1.376896453568e+00
4.45000000,1.376896633890e+00
4.50000000,1.376896845119e+00
4.55000000,1.376897060003e+00
4.60000000,1.376897232616e+00
4.65000000,1.376897292923e+00
4.70000000,1.376897152402e+00
4.75000000,1.376896732469e+00
4.80000000,1.376895999601e+00
4.85000000,1.376894987461e+00
4.90000000,1.376893801174e+00
4.95000000,1.376892595533e+00
5.00000000,1.376891535661e+00
5.05000000,1.376890729795e+00
5.10000000,1.376890189269e+00
5.15000000,1.376890008697e+00
5.20000000,1.376890080447e+00
5.25000000,1.376890132534e+00
5.30000000,1.376890275234e+00
5.35000000,1.376890306655e+00
5.40000000,1.376890154976e+00
5.45000000,1.376889766815e+00
5.50000000,1.376889171060e+00
5.55000000,1.376888483395e+00
5.60000000,1.376887852792e+00
5.65000000,1.376887419359e+00
5.70000000,1.376887206736e+00
5.75000000,1.376887145822e+00
5.80000000,1.376887172891e+00
5.85000000,1.376887225234e+00
5.90000000,1.376887219754e+00
5.95000000,1.376887092405e+00
6.00000000,1.376886793503e+00
6.05000000,1.376886342069e+00
6.10000000,1.376885755586e+00
6.15000000,1.376885083249e+00
6.20000000,1.376884434903e+00
6.25000000,1.376883901101e+00
6.30000000,1.376883547875e+00
6.35000000,1.376883395017e+00
6.40000000,1.376883396684e+00
6.45000000,1.376883451083e+00
6.50000000,1.376883454570e+00
6.55000000,1.376883316601e+00
6.60000000,1.376882982069e+00
6.65000000,1.376882490240e+00
6.70000000,1.376881934528e+00
6.75000000,1.376881416082e+00
6.80000000,1.376881004826e+00
6.85000000,1.376880697895e+00
6.90000000,1.376880462845e+00
6.95000000,1.376880234060e+00
7.00000000,1.376879959514e+00
7.05000000,1.376879650683e+00
7.10000000,1.376879355710e+00
7.15000000,1.376879145376e+00
7.20000000,1.376879059926e+00
7.25000000,1.376879081407e+00
7.30000000,1.376879139791e+00
7.35000000,1.376879157834e+00
7.40000000,1.376879090749e+00
7.45000000,1.376878927583e+00
7.50000000,1.376878700412e+00
7.55000000,1.376878453378e+00
7.60000000,1.376878210167e+00
7.65000000,1.376877969252e+00
7.70000000,1.376877705591e+00
7.75000000,1.376877404383e+00
7.80000000,1.376877088335e+00
7.85000000,1.376876775159e+00
7.90000000,1.376876490489e+00
7.95000000,1.376876255177e+00
8.00000000,1.376876056238e+00
8.05000000,1.376875878518e+00
8.10000000,1.376875723126e+00
8.15000000,1.376875607002e+00
8.20000000,1.376875539113e+00
8.25000000,1.376875499684e+00
8.30000000,1.376875432116e+00
8.35000000,1.376875261112e+00
8.40000000,1.376874951049e+00
8.45000000,1.376874547564e+00
8.50000000,1.376874159511e+00
8.55000000,1.376873901363e+00
8.60000000,1.376873818018e+00
8.65000000,1.376873846090e+00
8.70000000,1.376873856362e+00
8.75000000,1.376873710995e+00
8.80000000,1.376873366497e+00
8.85000000,1.376872936342e+00
8.90000000,1.376872605610e+00
8.95000000,1.376872498894e+00
9.00000000,1.376872589454e+00
9.05000000,1.376872717250e+00
9.10000000,1.376872673633e+00
9.15000000,1.376872334074e+00
9.20000000,1.376871788961e+00
9.25000000,1.376871264858e+00
9.30000000,1.376870941907e+00
9.35000000,1.376870814783e+00
9.40000000,1.376870675751e+00
9.45000000,1.376870279946e+00
9.50000000,1.376869487441e+00
9.55000000,1.376868391053e+00
9.60000000,1.376867275406e+00
9.65000000,1.376866349370e+00
9.70000000,1.376865584502e+00
9.75000000,1.376864722765e+00
9.80000000,1.376863435790e+00
9.85000000,1.376861545668e+00
9.90000000,1.376859098401e+00
9.95000000,1.376856217215e+00
10.00000000,1.376852876960e+00
10.05000000,1.376848807069e+00
10.10000000,1.376843578010e+00
10.15000000,1.376836786176e+00
10.20000000,1.376828188168e+00
10.25000000,1.376817641408e+00
10.30000000,1.376804944733e+00
10.35000000,1.376789616699e+00
10.40000000,1.376770849210e+00
10.45000000,1.376747674851e+00
10.50000000,1.376719120996e+00
10.55000000,1.376684212056e+00
10.60000000,1.376641824169e+00
10.65000000,1.376590439737e+00
10.70000000,1.376528018253e+00
10.75000000,1.376452173444e+00
10.80000000,1.376360225808e+00
10.85000000,1.376249199443e+00
10.90000000,1.376115795982e+00
10.95000000,1.375956324997e+00
11.00000000,1.375766748098e+00
11.05000000,1.375543306992e+00
11.10000000,1.375281620392e+00
11.15000000,1.374978769952e+00
11.20000000,1.374635111059e+00
11.25000000,1.374252914987e+00
11.30000000,1.373836137943e+00
11.35000000,1.373393133077e+00
11.40000000,1.372937902806e+00
11.45000000,1.372482474551e+00
11.50000000,1.372040730081e+00
11.55000000,1.371625112173e+00
11.60000000,1.371247549251e+00
11.65000000,1.370913335461e+00
11.70000000,1.370623594504e+00
11.75000000,1.370378443387e+00
11.80000000,1.370177059571e+00
11.85000000,1.370014952150e+00
11.90000000,1.369887616920e+00
11.95000000,1.369790142795e+00
12.00000000,1.369718297248e+00
12.05000000,1.369666250453e+00
12.10000000,1.369628910020e+00
12.15000000,1.369602489846e+00
12.20000000,1.369583471076e+00
12.25000000,1.369568327567e+00
12.30000000,1.369553991836e+00
12.35000000,1.369538109664e+00
12.40000000,1.369518908404e+00
12.45000000,1.369495270811e+00
12.50000000,1.369466877493e+00
12.55000000,1.369434056931e+00
12.60000000,1.369397612604e+00
12.65000000,1.369359012139e+00
12.70000000,1.369320290465e+00
12.75000000,1.369283638698e+00
12.80000000,1.369251239050e+00
12.85000000,1.369225106283e+00
12.90000000,1.369206845346e+00
12.95000000,1.369197433097e+00
13.00000000,1.369197221746e+00
13.05000000,1.369206264293e+00
13.10000000,1.369223644200e+00
13.15000000,1.369247399855e+00
13.20000000,1.369275443613e+00
13.25000000,1.369305619595e+00
13.30000000,1.369335606331e+00
13.35000000,1.369363137586e+00
13.40000000,1.369386464657e+00
13.45000000,1.369404441642e+00
13.50000000,1.369416691215e+00
13.55000000,1.369423519231e+00
13.60000000,1.369426056781e+00
13.65000000,1.369426380375e+00
13.70000000,1.369426893195e+00
13.75000000,1.369430044576e+00
13.80000000,1.369438199787e+00
13.85000000,1.369453253554e+00
13.90000000,1.369476316779e+00
13.95000000,1.369507507703e+00
14.00000000,1.369546123762e+00
